[
    {
        "model": "localites.Province",
        "pk": 1,
        "fields": {
            "nom": "Antananarivo",
            "code": "1",
            "slug": "antananarivo"
        }
    },
    {
        "model": "localites.Province",
        "pk": 2,
        "fields": {
            "nom": "Antsiranana",
            "code": "2",
            "slug": "antsiranana"
        }
    },
    {
        "model": "localites.Province",
        "pk": 3,
        "fields": {
            "nom": "Fianarantsoa",
            "code": "3",
            "slug": "fianaratsoa"
        }
    },
    {
        "model": "localites.Province",
        "pk": 4,
        "fields": {
            "nom": "Mahajanga",
            "code": "4",
            "slug": "mahajanga"
        }
    },
    {
        "model": "localites.Province",
        "pk": 5,
        "fields": {
            "nom": "Toamasina",
            "code": "5",
            "slug": "toamasina"
        }
    },
    {
        "model": "localites.Province",
        "pk": 6,
        "fields": {
            "nom": "Toliara",
            "code": "6",
            "slug": "toliara"
        }
    },
    {
        "model":"localites.Region",
        "pk":1,
        "fields": {
            "province":5,
            "nom":"Alaotra-Mangoro",
            "code": "100",
            "slug": "alaotra"
        }
    },
    {
        "model":"localites.Region",
        "pk":2,
        "fields": {
            "province":3,
            "nom":"Amoron'i Mania",
            "code": "101",
            "slug": "amoron-i-mania"
        }
    },
    {
        "model":"localites.Region",
        "pk":3,
        "fields": {
            "province":1,
            "nom":"Analamanga",
            "code": "102",
            "slug": "analamanga"
        }
    },
    {
        "model":"localites.Region",
        "pk":4,
        "fields": {
            "province":5,
            "nom":"Analanjirofo",
            "code": "103",
            "slug": "analanjirofo"
        }
    },
    {
        "model":"localites.Region",
        "pk":5,
        "fields": {
            "province":6,
            "nom":"Androy",
            "code": "104",
            "slug": "androy"
        }
    },
    {
        "model":"localites.Region",
        "pk":6,
        "fields": {
            "province":6,
            "nom":"Anosy",
            "code": "105",
            "slug": "anosy"
        }
    },
    {
        "model":"localites.Region",
        "pk":7,
        "fields": {
            "province":6,
            "nom":"Atsimo-Andrefana",
            "code": "106",
            "slug": "atsimo-andrefana"
        }
    },
    {
        "model":"localites.Region",
        "pk":8,
        "fields": {
            "province":3,
            "nom":"Atsimo-Atsinanana",
            "code": "107",
            "slug": "atsimo-atsinana"
        }
    },
    {
        "model":"localites.Region",
        "pk":9,
        "fields": {
            "province":5,
            "nom":"Atsinanana",
            "code": "108",
            "slug": "atsinanana"
        }
    },
    {
        "model":"localites.Region",
        "pk":10,
        "fields": {
            "province":4,
            "nom":"Betsiboka",
            "code": "109",
            "slug": "betsiboka"
        }
    },
    {
        "model":"localites.Region",
        "pk":11,
        "fields": {
            "province":4,
            "nom":"Boeny",
            "code": "110",
            "slug": "boeny"
        }
    },
    {
        "model":"localites.Region",
        "pk":12,
        "fields": {
            "province":1,
            "nom":"Bongolava",
            "code": "111",
            "slug": "bongolava"
        }
    },
    {
        "model":"localites.Region",
        "pk":13,
        "fields": {
            "province":2,
            "nom":"Diana",
            "code": "112",
            "slug": "diana"
        }
    },
    {
        "model":"localites.Region",
        "pk":14,
        "fields": {
            "province":3,
            "nom":"Haute Matsiatra",
            "code": "113",
            "slug": "haute-matsiatra"
        }
    },
    {
        "model":"localites.Region",
        "pk":15,
        "fields": {
            "province":6,
            "nom":"Ihorombe",
            "code": "114",
            "slug": "ihorombe"
        }
    },
    {
        "model":"localites.Region",
        "pk":16,
        "fields": {
            "province":1,
            "nom":"Itasy",
            "code": "115",
            "slug": "itasy"
        }
    },
    {
        "model":"localites.Region",
        "pk":17,
        "fields": {
            "province":4,
            "nom":"Melaky",
            "code": "116",
            "slug": "melaky"
        }
    },
    {
        "model":"localites.Region",
        "pk":18,
        "fields": {
            "province":6,
            "nom":"Menabe",
            "code": "117",
            "slug": "menabe"
        }
    },
    {
        "model":"localites.Region",
        "pk":19,
        "fields": {
            "province":2,
            "nom":"Sava",
            "code": "118",
            "slug": "sava"
        }
    },
    {
        "model":"localites.Region",
        "pk":20,
        "fields": {
            "province":4,
            "nom":"Sofia",
            "code": "119",
            "slug": "sofia"
        }
    },
    {
        "model":"localites.Region",
        "pk":21,
        "fields": {
            "province":1,
            "nom":"Vakinankaratra",
            "code": "120",
            "slug": "vakinankaratra"
        }
    },
    {
        "model":"localites.Region",
        "pk":22,
        "fields": {
            "province":3,
            "nom":"Vatovavy-Fitovinany",
            "code": "121",
            "slug": "vatovavy-fitovinany"
        }
    },
    {
        "model":"localites.District",
        "pk":1,
        "fields":{
            "region":1,
            "nom":"Ambatondrazaka",
            "code":"1001",
            "slug": "ambatondrazaka"
        }
    },
    {
        "model":"localites.District",
        "pk":2,
        "fields":{
            "region":1,
            "nom":"Amparafaravola",
            "code":"1002",
            "slug": "amparafaravola"
        }
    },
    {
        "model":"localites.District",
        "pk":3,
        "fields":{
            "region":1,
            "nom":"Andilamena",
            "code":"1003",
            "slug": "andilamena"
        }
    },
    {
        "model":"localites.District",
        "pk":4,
        "fields":{
            "region":1,
            "nom":"Anosibe",
            "code":"1004",
            "slug": "anosibe"
        }
    },
    {
        "model":"localites.District",
        "pk":5,
        "fields":{
            "region":1,
            "nom":"Moramanga",
            "code":"1005",
            "slug": "moramanga"
        }
    },
    {
        "model":"localites.District",
        "pk":6,
        "fields":{
            "region":2,
            "nom":"Ambatofinandrahana",
            "code":"2006",
            "slug": "ambatofinandrahana"
        }
    },
    {
        "model":"localites.District",
        "pk":7,
        "fields":{
            "region":2,
            "nom":"Ambositra",
            "code":"2007",
            "slug": "ambositra"
        }
    },
    {
        "model":"localites.District",
        "pk":8,
        "fields":{
            "region":2,
            "nom":"Fandriana",
            "code":"2008",
            "slug": "fandriana"
        }
    },
    {
        "model":"localites.District",
        "pk":9,
        "fields":{
            "region":2,
            "nom":"Manandriana",
            "code":"2009",
            "slug": "manandriana"
        }
    },
    {
        "model":"localites.District",
        "pk":10,
        "fields":{
            "region":3,
            "nom":"Ambohidratrimo",
            "code":"3010",
            "slug": "ambohidratrimo"
        }
    },
    {
        "model":"localites.District",
        "pk":11,
        "fields":{
            "region":3,
            "nom":"Andramasina",
            "code":"3011",
            "slug": "andramasina"
        }
    },
    {
        "model":"localites.District",
        "pk":12,
        "fields":{
            "region":3,
            "nom":"Anjozorobe",
            "code":"3012",
            "slug": "anjozorobe"
        }
    },
    {
        "model":"localites.District",
        "pk":13,
        "fields":{
            "region":3,
            "nom":"Ankazobe",
            "code":"3013",
            "slug": "ankazobe"
        }
    },
    {
        "model":"localites.District",
        "pk":14,
        "fields":{
            "region":3,
            "nom":"Antananarivo-Atsimondrano",
            "code":"3014",
            "slug": "antananarivo-atsimondrano"
        }
    },
    {
        "model":"localites.District",
        "pk":15,
        "fields":{
            "region":3,
            "nom":"Antananarivo-Avaradrano",
            "code":"3015",
            "slug": "antananarivo-avaradrano"
        }
    },
    {
        "model":"localites.District",
        "pk":16,
        "fields":{
            "region":3,
            "nom":"Antananarivo-Renivohitra",
            "code":"3016",
            "slug": "antananarivo-renivohitra"
        }
    },
    {
        "model":"localites.District",
        "pk":17,
        "fields":{
            "region":3,
            "nom":"Manjakandriana",
            "code":"3017",
            "slug": "manjakandriana"
        }
    },
    {
        "model":"localites.District",
        "pk":18,
        "fields":{
            "region":4,
            "nom":"Fenerive-Est",
            "code":"4018",
            "slug": "fenerive-est"
        }
    },
    {
        "model":"localites.District",
        "pk":19,
        "fields":{
            "region":4,
            "nom":"Mananara Avaratra",
            "code":"4019",
            "slug": "mananara-avaratra"
        }
    },
    {
        "model":"localites.District",
        "pk":20,
        "fields":{
            "region":4,
            "nom":"Maroantsetra",
            "code":"4020",
            "slug": "maroantsetra"
        }
    },
    {
        "model":"localites.District",
        "pk":21,
        "fields":{
            "region":4,
            "nom":"Nosy-Boraha",
            "code":"4021",
            "slug": "nosy-boraha"
        }
    },
    {
        "model":"localites.District",
        "pk":22,
        "fields":{
            "region":4,
            "nom":"Soanierana-Ivongo",
            "code":"4022",
            "slug": "soanierana-ivongo"
        }
    },
    {
        "model":"localites.District",
        "pk":23,
        "fields":{
            "region":4,
            "nom":"Vavatenina",
            "code":"4023",
            "slug": "vavatenina"
        }
    },
    {
        "model":"localites.District",
        "pk":24,
        "fields":{
            "region":5,
            "nom":"Ambovombe",
            "code":"5024",
            "slug": "ambovombe"
        }
    },
    {
        "model":"localites.District",
        "pk":25,
        "fields":{
            "region":5,
            "nom":"Bekily",
            "code":"5025",
            "slug": "bekily"
        }
    },
    {
        "model":"localites.District",
        "pk":26,
        "fields":{
            "region":5,
            "nom":"Beloha",
            "code":"5026",
            "slug": "beloha"
        }
    },
    {
        "model":"localites.District",
        "pk":27,
        "fields":{
            "region":5,
            "nom":"Tsihombe",
            "code":"5027",
            "slug": "tsihombe"
        }
    },
    {
        "model":"localites.District",
        "pk":28,
        "fields":{
            "region":6,
            "nom":"Amboasary-Atsimo",
            "code":"6028",
            "slug": "amboasary-atsimo"
        }
    },
    {
        "model":"localites.District",
        "pk":29,
        "fields":{
            "region":6,
            "nom":"Betroka",
            "code":"6029",
            "slug": "betroka"
        }
    },
    {
        "model":"localites.District",
        "pk":30,
        "fields":{
            "region":6,
            "nom":"Taolanaro",
            "code":"6030",
            "slug": "taolagnaro"
        }
    },
    {
        "model":"localites.District",
        "pk":31,
        "fields":{
            "region":7,
            "nom":"Ampanihy",
            "code":"7031",
            "slug": "ampanihy"
        }
    },
    {
        "model":"localites.District",
        "pk":32,
        "fields":{
            "region":7,
            "nom":"Ankazoabo-Atsimo",
            "code":"7032",
            "slug": "ankazoabo-atsimo"
        }
    },
    {
        "model":"localites.District",
        "pk":33,
        "fields":{
            "region":7,
            "nom":"Benenitra",
            "code":"7033",
            "slug": "benenitra"
        }
    },
    {
        "model":"localites.District",
        "pk":34,
        "fields":{
            "region":7,
            "nom":"Beroroha",
            "code":"7034",
            "slug": "beroroha"
        }
    },
    {
        "model":"localites.District",
        "pk":35,
        "fields":{
            "region":7,
            "nom":"Betioky-Atsimo",
            "code":"7035",
            "slug": "betioky-atsimo"
        }
    },
    {
        "model":"localites.District",
        "pk":36,
        "fields":{
            "region":7,
            "nom":"Morombe",
            "code":"7036",
            "slug": "morombe"
        }
    },
    {
        "model":"localites.District",
        "pk":37,
        "fields":{
            "region":7,
            "nom":"Sakaraha",
            "code":"7037",
            "slug": "sakaraha"
        }
    },
    {
        "model":"localites.District",
        "pk":38,
        "fields":{
            "region":7,
            "nom":"Toliara I",
            "code":"7038",
            "slug": "toliara-i"
        }
    },
    {
        "model":"localites.District",
        "pk":39,
        "fields":{
            "region":7,
            "nom":"Toliara II",
            "code":"7039",
            "slug": "toliara-ii"
        }
    },
    {
        "model":"localites.District",
        "pk":40,
        "fields":{
            "region":8,
            "nom":"Befotaka",
            "code":"8040",
            "slug": "befotaka"
        }
    },
    {
        "model":"localites.District",
        "pk":41,
        "fields":{
            "region":8,
            "nom":"Farafangana",
            "code":"8041",
            "slug": "farafangana"
        }
    },
    {
        "model":"localites.District",
        "pk":42,
        "fields":{
            "region":8,
            "nom":"Midongy-Atsimo",
            "code":"8042",
            "slug": "midongy-atsimo"
        }
    },
    {
        "model":"localites.District",
        "pk":43,
        "fields":{
            "region":8,
            "nom":"Vangaindrano",
            "code":"8043",
            "slug": "vangaindrano"
        }
    },
    {
        "model":"localites.District",
        "pk":44,
        "fields":{
            "region":8,
            "nom":"Vondrozo",
            "code":"8044",
            "slug": "vondrozo"
        }
    },
    {
        "model":"localites.District",
        "pk":45,
        "fields":{
            "region":9,
            "nom":"Antanambao-Manampotsy",
            "code":"9045",
            "slug": "antanambao-manampotsy"
        }
    },
    {
        "model":"localites.District",
        "pk":46,
        "fields":{
            "region":9,
            "nom":"Mahanoro",
            "code":"9046",
            "slug": "mahanoro"
        }
    },
    {
        "model":"localites.District",
        "pk":47,
        "fields":{
            "region":9,
            "nom":"Marolambo",
            "code":"9047",
            "slug": "marolambo"
        }
    },
    {
        "model":"localites.District",
        "pk":48,
        "fields":{
            "region":9,
            "nom":"Toamasina I",
            "code":"9048",
            "slug": "toamasina-i"
        }
    },
    {
        "model":"localites.District",
        "pk":49,
        "fields":{
            "region":9,
            "nom":"Toamasina II",
            "code":"9049",
            "slug": "toamasina-ii"
        }
    },
    {
        "model":"localites.District",
        "pk":50,
        "fields":{
            "region":9,
            "nom":"Vatomandry",
            "code":"9050",
            "slug": "vatomandry"
        }
    },
    {
        "model":"localites.District",
        "pk":51,
        "fields":{
            "region":9,
            "nom":"Vohibinany",
            "code":"9051",
            "slug": "vohibinany"
        }
    },
    {
        "model":"localites.District",
        "pk":52,
        "fields":{
            "region":10,
            "nom":"Kandreho",
            "code":"10052",
            "slug": "kandreho"
        }
    },
    {
        "model":"localites.District",
        "pk":53,
        "fields":{
            "region":10,
            "nom":"Maevatanana",
            "code":"10053",
            "slug": "maevatanana"
        }
    },
    {
        "model":"localites.District",
        "pk":54,
        "fields":{
            "region":10,
            "nom":"Tsaratanana",
            "code":"10054",
            "slug": "tsaratanana"
        }
    },
    {
        "model":"localites.District",
        "pk":55,
        "fields":{
            "region":11,
            "nom":"Ambato-Boina",
            "code":"11055",
            "slug": "ambato-boina"
        }
    },
    {
        "model":"localites.District",
        "pk":56,
        "fields":{
            "region":11,
            "nom":"Mahajanga I",
            "code":"11056",
            "slug": "mahajanga-i"
        }
    },
    {
        "model":"localites.District",
        "pk":57,
        "fields":{
            "region":11,
            "nom":"Mahajanga II",
            "code":"11057",
            "slug": "mahajanga-ii"
        }
    },
    {
        "model":"localites.District",
        "pk":58,
        "fields":{
            "region":11,
            "nom":"Marovoay",
            "code":"11058",
            "slug": "marovoay"
        }
    },
    {
        "model":"localites.District",
        "pk":59,
        "fields":{
            "region":11,
            "nom":"Mitsinjo",
            "code":"11059",
            "slug": "mitsinjo"
        }
    },
    {
        "model":"localites.District",
        "pk":60,
        "fields":{
            "region":11,
            "nom":"Soalala",
            "code":"11060",
            "slug": "soalala"
        }
    },
    {
        "model":"localites.District",
        "pk":61,
        "fields":{
            "region":12,
            "nom":"Fenoarivo-Afovoany",
            "code":"12061",
            "slug": "fenoarivo-afovoany"
        }
    },
    {
        "model":"localites.District",
        "pk":62,
        "fields":{
            "region":12,
            "nom":"Tsiroanomandidy",
            "code":"12062",
            "slug": "tsiroanomandidy"
        }
    },
    {
        "model":"localites.District",
        "pk":63,
        "fields":{
            "region":13,
            "nom":"Ambanja",
            "code":"13063",
            "slug": "ambanja"
        }
    },
    {
        "model":"localites.District",
        "pk":64,
        "fields":{
            "region":13,
            "nom":"Ambilobe",
            "code":"13064",
            "slug": "ambilobe"
        }
    },
    {
        "model":"localites.District",
        "pk":65,
        "fields":{
            "region":13,
            "nom":"Antsiranana I",
            "code":"13065",
            "slug": "antsiranana-i"
        }
    },
    {
        "model":"localites.District",
        "pk":66,
        "fields":{
            "region":13,
            "nom":"Antsiranana II",
            "code":"13066",
            "slug": "antsiranana-ii"
        }
    },
    {
        "model":"localites.District",
        "pk":67,
        "fields":{
            "region":13,
            "nom":"Nosy-Be",
            "code":"13067",
            "slug": "nosy-be"
        }
    },
    {
        "model":"localites.District",
        "pk":68,
        "fields":{
            "region":14,
            "nom":"Ambalavao",
            "code":"14068",
            "slug": "ambalavao"
        }
    },
    {
        "model":"localites.District",
        "pk":69,
        "fields":{
            "region":14,
            "nom":"Ambohimahasoa",
            "code":"14069",
            "slug": "ambohimahasoa"
        }
    },
    {
        "model":"localites.District",
        "pk":70,
        "fields":{
            "region":14,
            "nom":"Fianarantsoa I",
            "code":"14070",
            "slug": "fianarantsoa-i"
        }
    },
    {
        "model":"localites.District",
        "pk":71,
        "fields":{
            "region":14,
            "nom":"Fianarantsoa II",
            "code":"14071",
            "slug": "fianarantsoa-ii"
        }
    },
    {
        "model":"localites.District",
        "pk":72,
        "fields":{
            "region":14,
            "nom":"Ikalamavony",
            "code":"14072",
            "slug": "ikalamavony"
        }
    },
    {
        "model":"localites.District",
        "pk":73,
        "fields":{
            "region":15,
            "nom":"Iakora",
            "code":"15073",
            "slug": "iakora"
        }
    },
    {
        "model":"localites.District",
        "pk":74,
        "fields":{
            "region":15,
            "nom":"Ihosy",
            "code":"15074",
            "slug": "ihosy"
        }
    },
    {
        "model":"localites.District",
        "pk":75,
        "fields":{
            "region":15,
            "nom":"Ivohibe",
            "code":"15075",
            "slug": "ivohibe"
        }
    },
    {
        "model":"localites.District",
        "pk":76,
        "fields":{
            "region":16,
            "nom":"Arivonimamo",
            "code":"16076",
            "slug": "arivonimamo"
        }
    },
    {
        "model":"localites.District",
        "pk":77,
        "fields":{
            "region":16,
            "nom":"Miarinarivo",
            "code":"16077",
            "slug": "miarinarivo"
        }
    },
    {
        "model":"localites.District",
        "pk":78,
        "fields":{
            "region":16,
            "nom":"Soavinandriana",
            "code":"16078",
            "slug": "soavinandriana"
        }
    },
    {
        "model":"localites.District",
        "pk":79,
        "fields":{
            "region":17,
            "nom":"Ambatomainty",
            "code":"17079",
            "slug": "ambatomainty"
        }
    },
    {
        "model":"localites.District",
        "pk":80,
        "fields":{
            "region":17,
            "nom":"Antsalova",
            "code":"17080",
            "slug": "antsalova"
        }
    },
    {
        "model":"localites.District",
        "pk":81,
        "fields":{
            "region":17,
            "nom":"Besalampy",
            "code":"17081",
            "slug": "besalampy"
        }
    },
    {
        "model":"localites.District",
        "pk":82,
        "fields":{
            "region":17,
            "nom":"Maintirano",
            "code":"17082",
            "slug": "maintirano"
        }
    },
    {
        "model":"localites.District",
        "pk":83,
        "fields":{
            "region":17,
            "nom":"Morafenobe",
            "code":"17083",
            "slug": "morafenobe"
        }
    },
    {
        "model":"localites.District",
        "pk":84,
        "fields":{
            "region":18,
            "nom":"Belon'i Tsiribihina",
            "code":"18084",
            "slug": "belon-i-tsiribihina"
        }
    },
    {
        "model":"localites.District",
        "pk":85,
        "fields":{
            "region":18,
            "nom":"Mahabo",
            "code":"18085",
            "slug": "mahabo"
        }
    },
    {
        "model":"localites.District",
        "pk":86,
        "fields":{
            "region":18,
            "nom":"Manja",
            "code":"18086",
            "slug": "manja"
        }
    },
    {
        "model":"localites.District",
        "pk":87,
        "fields":{
            "region":18,
            "nom":"Miandrivazo",
            "code":"18087",
            "slug": "miandrivazo"
        }
    },
    {
        "model":"localites.District",
        "pk":88,
        "fields":{
            "region":18,
            "nom":"Morondava",
            "code":"18088"
        }
    },
    {
        "model":"localites.District",
        "pk":89,
        "fields":{
            "region":19,
            "nom":"Andapa",
            "code":"19089",
            "slug": "andapa"
        }
    },
    {
        "model":"localites.District",
        "pk":90,
        "fields":{
            "region":19,
            "nom":"Antalaha",
            "code":"19090",
            "slug": "antalaha"
        }
    },
    {
        "model":"localites.District",
        "pk":91,
        "fields":{
            "region":19,
            "nom":"Sambava",
            "code":"19091",
            "slug": "sambava"
        }
    },
    {
        "model":"localites.District",
        "pk":92,
        "fields":{
            "region":19,
            "nom":"Vohemar",
            "code":"19092",
            "slug": "vohemar"
        }
    },
    {
        "model":"localites.District",
        "pk":93,
        "fields":{
            "region":20,
            "nom":"Analalava",
            "code":"20093",
            "slug": "analalava"
        }
    },
    {
        "model":"localites.District",
        "pk":94,
        "fields":{
            "region":20,
            "nom":"Antsohihy",
            "code":"20094",
            "slug": "antsohihy"
        }
    },
    {
        "model":"localites.District",
        "pk":95,
        "fields":{
            "region":20,
            "nom":"Bealanana",
            "code":"20095",
            "slug": "bealanana"
        }
    },
    {
        "model":"localites.District",
        "pk":96,
        "fields":{
            "region":20,
            "nom":"Befandriana-Nord",
            "code":"20096",
            "slug": "befandriana-nord"
        }
    },
    {
        "model":"localites.District",
        "pk":97,
        "fields":{
            "region":20,
            "nom":"Boriziny",
            "code":"20097",
            "slug": "boriziny"
        }
    },
    {
        "model":"localites.District",
        "pk":98,
        "fields":{
            "region":20,
            "nom":"Mampikony",
            "code":"20098",
            "slug": "mampikony"
        }
    },
    {
        "model":"localites.District",
        "pk":99,
        "fields":{
            "region":20,
            "nom":"Mandritsara",
            "code":"20099",
            "slug": "mandritsara"
        }
    },
    {
        "model":"localites.District",
        "pk":100,
        "fields":{
            "region":21,
            "nom":"Ambatolampy",
            "code":"21100",
            "slug": "ambatolampy"
        }
    },
    {
        "model":"localites.District",
        "pk":101,
        "fields":{
            "region":21,
            "nom":"Antanifotsy",
            "code":"21101",
            "slug": "antanifotsy"
        }
    },
    {
        "model":"localites.District",
        "pk":102,
        "fields":{
            "region":21,
            "nom":"Antsirabe I",
            "code":"21102",
            "slug": "antsirabe-i"
        }
    },
    {
        "model":"localites.District",
        "pk":103,
        "fields":{
            "region":21,
            "nom":"Antsirabe II",
            "code":"21103",
            "slug": "antsirabe-ii"
        }
    },
    {
        "model":"localites.District",
        "pk":104,
        "fields":{
            "region":21,
            "nom":"Betafo",
            "code":"21104",
            "slug": "betafo"
        }
    },
    {
        "model":"localites.District",
        "pk":105,
        "fields":{
            "region":21,
            "nom":"Faratsiho",
            "code":"21105",
            "slug": "faratsiho"
        }
    },
    {
        "model":"localites.District",
        "pk":106,
        "fields":{
            "region":22,
            "nom":"Ifanadiana",
            "code":"22106",
            "slug": "ifanadiana"
        }
    },
    {
        "model":"localites.District",
        "pk":107,
        "fields":{
            "region":22,
            "nom":"Ikongo",
            "code":"22107",
            "slug": "ikongo"
        }
    },
    {
        "model":"localites.District",
        "pk":108,
        "fields":{
            "region":22,
            "nom":"Manakara",
            "code":"22108",
            "slug": "manakara"
        }
    },
    {
        "model":"localites.District",
        "pk":109,
        "fields":{
            "region":22,
            "nom":"Mananjary",
            "code":"22109",
            "slug": "mananjary"
        }
    },
    {
        "model":"localites.District",
        "pk":110,
        "fields":{
            "region":22,
            "nom":"Nosy-Varika",
            "code":"22110",
            "slug": "nosy-varika"
        }
    },
    {
        "model":"localites.District",
        "pk":111,
        "fields":{
            "region":22,
            "nom":"Vohipeno",
            "code":"22111",
            "slug": "vohipeno"
        }
    },
    {
        "model":"localites.District",
        "pk":112,
        "fields":{
            "region":14,
            "nom":"Lalangina",
            "code":"14112",
            "slug": "lalangina"
        }
    }
]
