[
    {
        "model": "localites.Province",
        "pk": 1,
        "fields": {
            "nom": "Antananarivo",
            "code": "1",
            "slug": "antananarivo"
        }
    },
    {
        "model": "localites.Province",
        "pk": 2,
        "fields": {
            "nom": "Antsiranana",
            "code": "2",
            "slug": "antsiranana"
        }
    },
    {
        "model": "localites.Province",
        "pk": 3,
        "fields": {
            "nom": "Fianarantsoa",
            "code": "3",
            "slug": "fianaratsoa"
        }
    },
    {
        "model": "localites.Province",
        "pk": 4,
        "fields": {
            "nom": "Mahajanga",
            "code": "4",
            "slug": "mahajanga"
        }
    },
    {
        "model": "localites.Province",
        "pk": 5,
        "fields": {
            "nom": "Toamasina",
            "code": "5",
            "slug": "toamasina"
        }
    },
    {
        "model": "localites.Province",
        "pk": 6,
        "fields": {
            "nom": "Toliara",
            "code": "6",
            "slug": "toliara"
        }
    },
    {
        "model":"localites.Region",
        "pk":1,
        "fields": {
            "province":5,
            "nom":"Alaotra-Mangoro",
            "code": "100",
            "slug": "alaotra"
        }
    },
    {
        "model":"localites.Region",
        "pk":2,
        "fields": {
            "province":3,
            "nom":"Amoron'i Mania",
            "code": "101",
            "slug": "amoron-i-mania"
        }
    },
    {
        "model":"localites.Region",
        "pk":3,
        "fields": {
            "province":1,
            "nom":"Analamanga",
            "code": "102",
            "slug": "analamanga"
        }
    },
    {
        "model":"localites.Region",
        "pk":4,
        "fields": {
            "province":5,
            "nom":"Analanjirofo",
            "code": "103",
            "slug": "analanjirofo"
        }
    },
    {
        "model":"localites.Region",
        "pk":5,
        "fields": {
            "province":6,
            "nom":"Androy",
            "code": "104",
            "slug": "androy"
        }
    },
    {
        "model":"localites.Region",
        "pk":6,
        "fields": {
            "province":6,
            "nom":"Anosy",
            "code": "105",
            "slug": "anosy"
        }
    },
    {
        "model":"localites.Region",
        "pk":7,
        "fields": {
            "province":6,
            "nom":"Atsimo-Andrefana",
            "code": "106",
            "slug": "atsimo-andrefana"
        }
    },
    {
        "model":"localites.Region",
        "pk":8,
        "fields": {
            "province":3,
            "nom":"Atsimo-Atsinanana",
            "code": "107",
            "slug": "atsimo-atsinana"
        }
    },
    {
        "model":"localites.Region",
        "pk":9,
        "fields": {
            "province":5,
            "nom":"Atsinanana",
            "code": "108",
            "slug": "atsinanana"
        }
    },
    {
        "model":"localites.Region",
        "pk":10,
        "fields": {
            "province":4,
            "nom":"Betsiboka",
            "code": "109",
            "slug": "betsiboka"
        }
    },
    {
        "model":"localites.Region",
        "pk":11,
        "fields": {
            "province":4,
            "nom":"Boeny",
            "code": "110",
            "slug": "boeny"
        }
    },
    {
        "model":"localites.Region",
        "pk":12,
        "fields": {
            "province":1,
            "nom":"Bongolava",
            "code": "111",
            "slug": "bongolava"
        }
    },
    {
        "model":"localites.Region",
        "pk":13,
        "fields": {
            "province":2,
            "nom":"Diana",
            "code": "112",
            "slug": "diana"
        }
    },
    {
        "model":"localites.Region",
        "pk":14,
        "fields": {
            "province":3,
            "nom":"Haute Matsiatra",
            "code": "113",
            "slug": "haute-matsiatra"
        }
    },
    {
        "model":"localites.Region",
        "pk":15,
        "fields": {
            "province":6,
            "nom":"Ihorombe",
            "code": "114",
            "slug": "ihorombe"
        }
    },
    {
        "model":"localites.Region",
        "pk":16,
        "fields": {
            "province":1,
            "nom":"Itasy",
            "code": "115",
            "slug": "itasy"
        }
    },
    {
        "model":"localites.Region",
        "pk":17,
        "fields": {
            "province":4,
            "nom":"Melaky",
            "code": "116",
            "slug": "melaky"
        }
    },
    {
        "model":"localites.Region",
        "pk":18,
        "fields": {
            "province":6,
            "nom":"Menabe",
            "code": "117",
            "slug": "menabe"
        }
    },
    {
        "model":"localites.Region",
        "pk":19,
        "fields": {
            "province":2,
            "nom":"Sava",
            "code": "118",
            "slug": "sava"
        }
    },
    {
        "model":"localites.Region",
        "pk":20,
        "fields": {
            "province":4,
            "nom":"Sofia",
            "code": "119",
            "slug": "sofia"
        }
    },
    {
        "model":"localites.Region",
        "pk":21,
        "fields": {
            "province":1,
            "nom":"Vakinankaratra",
            "code": "120",
            "slug": "vakinankaratra"
        }
    },
    {
        "model":"localites.Region",
        "pk":22,
        "fields": {
            "province":3,
            "nom":"Vatovavy-Fitovinany",
            "code": "121",
            "slug": "vatovavy-fitovinany"
        }
    },
    {
        "model":"localites.District",
        "pk":1,
        "fields":{
            "region":1,
            "nom":"Ambatondrazaka",
            "code":"1001",
            "slug": "ambatondrazaka"
        }
    },
    {
        "model":"localites.District",
        "pk":2,
        "fields":{
            "region":1,
            "nom":"Amparafaravola",
            "code":"1002",
            "slug": "amparafaravola"
        }
    },
    {
        "model":"localites.District",
        "pk":3,
        "fields":{
            "region":1,
            "nom":"Andilamena",
            "code":"1003",
            "slug": "andilamena"
        }
    },
    {
        "model":"localites.District",
        "pk":4,
        "fields":{
            "region":1,
            "nom":"Anosibe",
            "code":"1004",
            "slug": "anosibe"
        }
    },
    {
        "model":"localites.District",
        "pk":5,
        "fields":{
            "region":1,
            "nom":"Moramanga",
            "code":"1005",
            "slug": "moramanga"
        }
    },
    {
        "model":"localites.District",
        "pk":6,
        "fields":{
            "region":2,
            "nom":"Ambatofinandrahana",
            "code":"2006",
            "slug": "ambatofinandrahana"
        }
    },
    {
        "model":"localites.District",
        "pk":7,
        "fields":{
            "region":2,
            "nom":"Ambositra",
            "code":"2007",
            "slug": "ambositra"
        }
    },
    {
        "model":"localites.District",
        "pk":8,
        "fields":{
            "region":2,
            "nom":"Fandriana",
            "code":"2008",
            "slug": "fandriana"
        }
    },
    {
        "model":"localites.District",
        "pk":9,
        "fields":{
            "region":2,
            "nom":"Manandriana",
            "code":"2009",
            "slug": "manandriana"
        }
    },
    {
        "model":"localites.District",
        "pk":10,
        "fields":{
            "region":3,
            "nom":"Ambohidratrimo",
            "code":"3010",
            "slug": "ambohidratrimo"
        }
    },
    {
        "model":"localites.District",
        "pk":11,
        "fields":{
            "region":3,
            "nom":"Andramasina",
            "code":"3011",
            "slug": "andramasina"
        }
    },
    {
        "model":"localites.District",
        "pk":12,
        "fields":{
            "region":3,
            "nom":"Anjozorobe",
            "code":"3012",
            "slug": "anjozorobe"
        }
    },
    {
        "model":"localites.District",
        "pk":13,
        "fields":{
            "region":3,
            "nom":"Ankazobe",
            "code":"3013",
            "slug": "ankazobe"
        }
    },
    {
        "model":"localites.District",
        "pk":14,
        "fields":{
            "region":3,
            "nom":"Antananarivo-Atsimondrano",
            "code":"3014",
            "slug": "antananarivo-atsimondrano"
        }
    },
    {
        "model":"localites.District",
        "pk":15,
        "fields":{
            "region":3,
            "nom":"Antananarivo-Avaradrano",
            "code":"3015",
            "slug": "antananarivo-avaradrano"
        }
    },
    {
        "model":"localites.District",
        "pk":16,
        "fields":{
            "region":3,
            "nom":"Antananarivo-Renivohitra",
            "code":"3016",
            "slug": "antananarivo-renivohitra"
        }
    },
    {
        "model":"localites.District",
        "pk":17,
        "fields":{
            "region":3,
            "nom":"Manjakandriana",
            "code":"3017",
            "slug": "manjakandriana"
        }
    },
    {
        "model":"localites.District",
        "pk":18,
        "fields":{
            "region":4,
            "nom":"Fenerive-Est",
            "code":"4018",
            "slug": "fenerive-est"
        }
    },
    {
        "model":"localites.District",
        "pk":19,
        "fields":{
            "region":4,
            "nom":"Mananara Avaratra",
            "code":"4019",
            "slug": "mananara-avaratra"
        }
    },
    {
        "model":"localites.District",
        "pk":20,
        "fields":{
            "region":4,
            "nom":"Maroantsetra",
            "code":"4020",
            "slug": "maroantsetra"
        }
    },
    {
        "model":"localites.District",
        "pk":21,
        "fields":{
            "region":4,
            "nom":"Nosy-Boraha",
            "code":"4021",
            "slug": "nosy-boraha"
        }
    },
    {
        "model":"localites.District",
        "pk":22,
        "fields":{
            "region":4,
            "nom":"Soanierana-Ivongo",
            "code":"4022",
            "slug": "soanierana-ivongo"
        }
    },
    {
        "model":"localites.District",
        "pk":23,
        "fields":{
            "region":4,
            "nom":"Vavatenina",
            "code":"4023",
            "slug": "vavatenina"
        }
    },
    {
        "model":"localites.District",
        "pk":24,
        "fields":{
            "region":5,
            "nom":"Ambovombe",
            "code":"5024",
            "slug": "ambovombe"
        }
    },
    {
        "model":"localites.District",
        "pk":25,
        "fields":{
            "region":5,
            "nom":"Bekily",
            "code":"5025",
            "slug": "bekily"
        }
    },
    {
        "model":"localites.District",
        "pk":26,
        "fields":{
            "region":5,
            "nom":"Beloha",
            "code":"5026",
            "slug": "beloha"
        }
    },
    {
        "model":"localites.District",
        "pk":27,
        "fields":{
            "region":5,
            "nom":"Tsihombe",
            "code":"5027",
            "slug": "tsihombe"
        }
    },
    {
        "model":"localites.District",
        "pk":28,
        "fields":{
            "region":6,
            "nom":"Amboasary-Atsimo",
            "code":"6028",
            "slug": "amboasary-atsimo"
        }
    },
    {
        "model":"localites.District",
        "pk":29,
        "fields":{
            "region":6,
            "nom":"Betroka",
            "code":"6029",
            "slug": "betroka"
        }
    },
    {
        "model":"localites.District",
        "pk":30,
        "fields":{
            "region":6,
            "nom":"Taolanaro",
            "code":"6030",
            "slug": "taolagnaro"
        }
    },
    {
        "model":"localites.District",
        "pk":31,
        "fields":{
            "region":7,
            "nom":"Ampanihy",
            "code":"7031",
            "slug": "ampanihy"
        }
    },
    {
        "model":"localites.District",
        "pk":32,
        "fields":{
            "region":7,
            "nom":"Ankazoabo-Atsimo",
            "code":"7032",
            "slug": "ankazoabo-atsimo"
        }
    },
    {
        "model":"localites.District",
        "pk":33,
        "fields":{
            "region":7,
            "nom":"Benenitra",
            "code":"7033",
            "slug": "benenitra"
        }
    },
    {
        "model":"localites.District",
        "pk":34,
        "fields":{
            "region":7,
            "nom":"Beroroha",
            "code":"7034",
            "slug": "beroroha"
        }
    },
    {
        "model":"localites.District",
        "pk":35,
        "fields":{
            "region":7,
            "nom":"Betioky-Atsimo",
            "code":"7035",
            "slug": "betioky-atsimo"
        }
    },
    {
        "model":"localites.District",
        "pk":36,
        "fields":{
            "region":7,
            "nom":"Morombe",
            "code":"7036",
            "slug": "morombe"
        }
    },
    {
        "model":"localites.District",
        "pk":37,
        "fields":{
            "region":7,
            "nom":"Sakaraha",
            "code":"7037",
            "slug": "sakaraha"
        }
    },
    {
        "model":"localites.District",
        "pk":38,
        "fields":{
            "region":7,
            "nom":"Toliara I",
            "code":"7038",
            "slug": "toliara-i"
        }
    },
    {
        "model":"localites.District",
        "pk":39,
        "fields":{
            "region":7,
            "nom":"Toliara II",
            "code":"7039",
            "slug": "toliara-ii"
        }
    },
    {
        "model":"localites.District",
        "pk":40,
        "fields":{
            "region":8,
            "nom":"Befotaka",
            "code":"8040",
            "slug": "befotaka"
        }
    },
    {
        "model":"localites.District",
        "pk":41,
        "fields":{
            "region":8,
            "nom":"Farafangana",
            "code":"8041",
            "slug": "farafangana"
        }
    },
    {
        "model":"localites.District",
        "pk":42,
        "fields":{
            "region":8,
            "nom":"Midongy-Atsimo",
            "code":"8042",
            "slug": "midongy-atsimo"
        }
    },
    {
        "model":"localites.District",
        "pk":43,
        "fields":{
            "region":8,
            "nom":"Vangaindrano",
            "code":"8043",
            "slug": "vangaindrano"
        }
    },
    {
        "model":"localites.District",
        "pk":44,
        "fields":{
            "region":8,
            "nom":"Vondrozo",
            "code":"8044",
            "slug": "vondrozo"
        }
    },
    {
        "model":"localites.District",
        "pk":45,
        "fields":{
            "region":9,
            "nom":"Antanambao-Manampotsy",
            "code":"9045",
            "slug": "antanambao-manampotsy"
        }
    },
    {
        "model":"localites.District",
        "pk":46,
        "fields":{
            "region":9,
            "nom":"Mahanoro",
            "code":"9046",
            "slug": "mahanoro"
        }
    },
    {
        "model":"localites.District",
        "pk":47,
        "fields":{
            "region":9,
            "nom":"Marolambo",
            "code":"9047",
            "slug": "marolambo"
        }
    },
    {
        "model":"localites.District",
        "pk":48,
        "fields":{
            "region":9,
            "nom":"Toamasina I",
            "code":"9048",
            "slug": "toamasina-i"
        }
    },
    {
        "model":"localites.District",
        "pk":49,
        "fields":{
            "region":9,
            "nom":"Toamasina II",
            "code":"9049",
            "slug": "toamasina-ii"
        }
    },
    {
        "model":"localites.District",
        "pk":50,
        "fields":{
            "region":9,
            "nom":"Vatomandry",
            "code":"9050",
            "slug": "vatomandry"
        }
    },
    {
        "model":"localites.District",
        "pk":51,
        "fields":{
            "region":9,
            "nom":"Vohibinany",
            "code":"9051",
            "slug": "vohibinany"
        }
    },
    {
        "model":"localites.District",
        "pk":52,
        "fields":{
            "region":10,
            "nom":"Kandreho",
            "code":"10052",
            "slug": "kandreho"
        }
    },
    {
        "model":"localites.District",
        "pk":53,
        "fields":{
            "region":10,
            "nom":"Maevatanana",
            "code":"10053",
            "slug": "maevatanana"
        }
    },
    {
        "model":"localites.District",
        "pk":54,
        "fields":{
            "region":10,
            "nom":"Tsaratanana",
            "code":"10054",
            "slug": "tsaratanana"
        }
    },
    {
        "model":"localites.District",
        "pk":55,
        "fields":{
            "region":11,
            "nom":"Ambato-Boina",
            "code":"11055",
            "slug": "ambato-boina"
        }
    },
    {
        "model":"localites.District",
        "pk":56,
        "fields":{
            "region":11,
            "nom":"Mahajanga I",
            "code":"11056",
            "slug": "mahajanga-i"
        }
    },
    {
        "model":"localites.District",
        "pk":57,
        "fields":{
            "region":11,
            "nom":"Mahajanga II",
            "code":"11057",
            "slug": "mahajanga-ii"
        }
    },
    {
        "model":"localites.District",
        "pk":58,
        "fields":{
            "region":11,
            "nom":"Marovoay",
            "code":"11058",
            "slug": "marovoay"
        }
    },
    {
        "model":"localites.District",
        "pk":59,
        "fields":{
            "region":11,
            "nom":"Mitsinjo",
            "code":"11059",
            "slug": "mitsinjo"
        }
    },
    {
        "model":"localites.District",
        "pk":60,
        "fields":{
            "region":11,
            "nom":"Soalala",
            "code":"11060",
            "slug": "soalala"
        }
    },
    {
        "model":"localites.District",
        "pk":61,
        "fields":{
            "region":12,
            "nom":"Fenoarivo-Afovoany",
            "code":"12061",
            "slug": "fenoarivo-afovoany"
        }
    },
    {
        "model":"localites.District",
        "pk":62,
        "fields":{
            "region":12,
            "nom":"Tsiroanomandidy",
            "code":"12062",
            "slug": "tsiroanomandidy"
        }
    },
    {
        "model":"localites.District",
        "pk":63,
        "fields":{
            "region":13,
            "nom":"Ambanja",
            "code":"13063",
            "slug": "ambanja"
        }
    },
    {
        "model":"localites.District",
        "pk":64,
        "fields":{
            "region":13,
            "nom":"Ambilobe",
            "code":"13064",
            "slug": "ambilobe"
        }
    },
    {
        "model":"localites.District",
        "pk":65,
        "fields":{
            "region":13,
            "nom":"Antsiranana I",
            "code":"13065",
            "slug": "antsiranana-i"
        }
    },
    {
        "model":"localites.District",
        "pk":66,
        "fields":{
            "region":13,
            "nom":"Antsiranana II",
            "code":"13066",
            "slug": "antsiranana-ii"
        }
    },
    {
        "model":"localites.District",
        "pk":67,
        "fields":{
            "region":13,
            "nom":"Nosy-Be",
            "code":"13067",
            "slug": "nosy-be"
        }
    },
    {
        "model":"localites.District",
        "pk":68,
        "fields":{
            "region":14,
            "nom":"Ambalavao",
            "code":"14068",
            "slug": "ambalavao"
        }
    },
    {
        "model":"localites.District",
        "pk":69,
        "fields":{
            "region":14,
            "nom":"Ambohimahasoa",
            "code":"14069",
            "slug": "ambohimahasoa"
        }
    },
    {
        "model":"localites.District",
        "pk":70,
        "fields":{
            "region":14,
            "nom":"Fianarantsoa I",
            "code":"14070",
            "slug": "fianarantsoa-i"
        }
    },
    {
        "model":"localites.District",
        "pk":71,
        "fields":{
            "region":14,
            "nom":"Fianarantsoa II",
            "code":"14071",
            "slug": "fianarantsoa-ii"
        }
    },
    {
        "model":"localites.District",
        "pk":72,
        "fields":{
            "region":14,
            "nom":"Ikalamavony",
            "code":"14072",
            "slug": "ikalamavony"
        }
    },
    {
        "model":"localites.District",
        "pk":73,
        "fields":{
            "region":15,
            "nom":"Iakora",
            "code":"15073",
            "slug": "iakora"
        }
    },
    {
        "model":"localites.District",
        "pk":74,
        "fields":{
            "region":15,
            "nom":"Ihosy",
            "code":"15074",
            "slug": "ihosy"
        }
    },
    {
        "model":"localites.District",
        "pk":75,
        "fields":{
            "region":15,
            "nom":"Ivohibe",
            "code":"15075",
            "slug": "ivohibe"
        }
    },
    {
        "model":"localites.District",
        "pk":76,
        "fields":{
            "region":16,
            "nom":"Arivonimamo",
            "code":"16076",
            "slug": "arivonimamo"
        }
    },
    {
        "model":"localites.District",
        "pk":77,
        "fields":{
            "region":16,
            "nom":"Miarinarivo",
            "code":"16077",
            "slug": "miarinarivo"
        }
    },
    {
        "model":"localites.District",
        "pk":78,
        "fields":{
            "region":16,
            "nom":"Soavinandriana",
            "code":"16078",
            "slug": "soavinandriana"
        }
    },
    {
        "model":"localites.District",
        "pk":79,
        "fields":{
            "region":17,
            "nom":"Ambatomainty",
            "code":"17079",
            "slug": "ambatomainty"
        }
    },
    {
        "model":"localites.District",
        "pk":80,
        "fields":{
            "region":17,
            "nom":"Antsalova",
            "code":"17080",
            "slug": "antsalova"
        }
    },
    {
        "model":"localites.District",
        "pk":81,
        "fields":{
            "region":17,
            "nom":"Besalampy",
            "code":"17081",
            "slug": "besalampy"
        }
    },
    {
        "model":"localites.District",
        "pk":82,
        "fields":{
            "region":17,
            "nom":"Maintirano",
            "code":"17082",
            "slug": "maintirano"
        }
    },
    {
        "model":"localites.District",
        "pk":83,
        "fields":{
            "region":17,
            "nom":"Morafenobe",
            "code":"17083",
            "slug": "morafenobe"
        }
    },
    {
        "model":"localites.District",
        "pk":84,
        "fields":{
            "region":18,
            "nom":"Belon'i Tsiribihina",
            "code":"18084",
            "slug": "belon-i-tsiribihina"
        }
    },
    {
        "model":"localites.District",
        "pk":85,
        "fields":{
            "region":18,
            "nom":"Mahabo",
            "code":"18085",
            "slug": "mahabo"
        }
    },
    {
        "model":"localites.District",
        "pk":86,
        "fields":{
            "region":18,
            "nom":"Manja",
            "code":"18086",
            "slug": "manja"
        }
    },
    {
        "model":"localites.District",
        "pk":87,
        "fields":{
            "region":18,
            "nom":"Miandrivazo",
            "code":"18087",
            "slug": "miandrivazo"
        }
    },
    {
        "model":"localites.District",
        "pk":88,
        "fields":{
            "region":18,
            "nom":"Morondava",
            "code":"18088"
        }
    },
    {
        "model":"localites.District",
        "pk":89,
        "fields":{
            "region":19,
            "nom":"Andapa",
            "code":"19089",
            "slug": "andapa"
        }
    },
    {
        "model":"localites.District",
        "pk":90,
        "fields":{
            "region":19,
            "nom":"Antalaha",
            "code":"19090",
            "slug": "antalaha"
        }
    },
    {
        "model":"localites.District",
        "pk":91,
        "fields":{
            "region":19,
            "nom":"Sambava",
            "code":"19091",
            "slug": "sambava"
        }
    },
    {
        "model":"localites.District",
        "pk":92,
        "fields":{
            "region":19,
            "nom":"Vohemar",
            "code":"19092",
            "slug": "vohemar"
        }
    },
    {
        "model":"localites.District",
        "pk":93,
        "fields":{
            "region":20,
            "nom":"Analalava",
            "code":"20093",
            "slug": "analalava"
        }
    },
    {
        "model":"localites.District",
        "pk":94,
        "fields":{
            "region":20,
            "nom":"Antsohihy",
            "code":"20094",
            "slug": "antsohihy"
        }
    },
    {
        "model":"localites.District",
        "pk":95,
        "fields":{
            "region":20,
            "nom":"Bealanana",
            "code":"20095",
            "slug": "bealanana"
        }
    },
    {
        "model":"localites.District",
        "pk":96,
        "fields":{
            "region":20,
            "nom":"Befandriana-Nord",
            "code":"20096",
            "slug": "befandriana-nord"
        }
    },
    {
        "model":"localites.District",
        "pk":97,
        "fields":{
            "region":20,
            "nom":"Boriziny",
            "code":"20097",
            "slug": "boriziny"
        }
    },
    {
        "model":"localites.District",
        "pk":98,
        "fields":{
            "region":20,
            "nom":"Mampikony",
            "code":"20098",
            "slug": "mampikony"
        }
    },
    {
        "model":"localites.District",
        "pk":99,
        "fields":{
            "region":20,
            "nom":"Mandritsara",
            "code":"20099",
            "slug": "mandritsara"
        }
    },
    {
        "model":"localites.District",
        "pk":100,
        "fields":{
            "region":21,
            "nom":"Ambatolampy",
            "code":"21100",
            "slug": "ambatolampy"
        }
    },
    {
        "model":"localites.District",
        "pk":101,
        "fields":{
            "region":21,
            "nom":"Antanifotsy",
            "code":"21101",
            "slug": "antanifotsy"
        }
    },
    {
        "model":"localites.District",
        "pk":102,
        "fields":{
            "region":21,
            "nom":"Antsirabe I",
            "code":"21102",
            "slug": "antsirabe-i"
        }
    },
    {
        "model":"localites.District",
        "pk":103,
        "fields":{
            "region":21,
            "nom":"Antsirabe II",
            "code":"21103",
            "slug": "antsirabe-ii"
        }
    },
    {
        "model":"localites.District",
        "pk":104,
        "fields":{
            "region":21,
            "nom":"Betafo",
            "code":"21104",
            "slug": "betafo"
        }
    },
    {
        "model":"localites.District",
        "pk":105,
        "fields":{
            "region":21,
            "nom":"Faratsiho",
            "code":"21105",
            "slug": "faratsiho"
        }
    },
    {
        "model":"localites.District",
        "pk":106,
        "fields":{
            "region":22,
            "nom":"Ifanadiana",
            "code":"22106",
            "slug": "ifanadiana"
        }
    },
    {
        "model":"localites.District",
        "pk":107,
        "fields":{
            "region":22,
            "nom":"Ikongo",
            "code":"22107",
            "slug": "ikongo"
        }
    },
    {
        "model":"localites.District",
        "pk":108,
        "fields":{
            "region":22,
            "nom":"Manakara",
            "code":"22108",
            "slug": "manakara"
        }
    },
    {
        "model":"localites.District",
        "pk":109,
        "fields":{
            "region":22,
            "nom":"Mananjary",
            "code":"22109",
            "slug": "mananjary"
        }
    },
    {
        "model":"localites.District",
        "pk":110,
        "fields":{
            "region":22,
            "nom":"Nosy-Varika",
            "code":"22110",
            "slug": "nosy-varika"
        }
    },
    {
        "model":"localites.District",
        "pk":111,
        "fields":{
            "region":22,
            "nom":"Vohipeno",
            "code":"22111",
            "slug": "vohipeno"
        }
    },
    {
        "model":"localites.District",
        "pk":112,
        "fields":{
            "region":14,
            "nom":"Lalangina",
            "code":"14112",
            "slug": "lalangina"
        }
    },
    {
        "pk": 38,
        "model": "localites.commune",
        "fields": {
            "nom": "ALAKAMISY AMBANO",
            "code": "140401",
            "slug": "alakamisy-ambano",
            "district": 103
        }
    },
    {
        "pk": 39,
        "model": "localites.commune",
        "fields": {
            "nom": "ALATSINAINY IBITY",
            "code": "140402",
            "slug": "alatsinainy-ibity",
            "district": 103
        }
    },
    {
        "pk": 52,
        "model": "localites.commune",
        "fields": {
            "nom": "AMBATOASANA VALABETOKANA",
            "code": "140607",
            "slug": "ambatoasana-valabetokana",
            "district": 105
        }
    },
    {
        "pk": 48,
        "model": "localites.commune",
        "fields": {
            "nom": "AMBATOFOTSY AMBOHIBORONA",
            "code": "140601",
            "slug": "ambatofotsy-ambohiborona",
            "district": 105
        }
    },
    {
        "pk": 94,
        "model": "localites.commune",
        "fields": {
            "nom": "AMBATOHARANANA",
            "code": "520101",
            "slug": "ambatoharanana",
            "district": 18
        }
    },
    {
        "pk": 25,
        "model": "localites.commune",
        "fields": {
            "nom": "AMBATOLAMPY",
            "code": "140101",
            "slug": "ambatolampy",
            "district": 100
        }
    },
    {
        "pk": 1,
        "model": "localites.commune",
        "fields": {
            "nom": "AMBATOLAMPY  TSIMAHAFOTSY",
            "code": "110102",
            "slug": "ambatolampytsimahafotsy",
            "district": 10
        }
    },
    {
        "pk": 73,
        "model": "localites.commune",
        "fields": {
            "nom": "AMBATOMAINTY",
            "code": "510201",
            "slug": "ambatomainty",
            "district": 2
        }
    },
    {
        "pk": 4,
        "model": "localites.commune",
        "fields": {
            "nom": "AMBATOMANOINA",
            "code": "110302",
            "slug": "ambatomanoina",
            "district": 12
        }
    },
    {
        "pk": 40,
        "model": "localites.commune",
        "fields": {
            "nom": "AMBATOMENA",
            "code": "140404",
            "slug": "ambatomena",
            "district": 103
        }
    },
    {
        "pk": 60,
        "model": "localites.commune",
        "fields": {
            "nom": "AMBATONDRAZAKA SUBURBAINE",
            "code": "510103",
            "slug": "ambatondrazaka-suburbaine",
            "district": 1
        }
    },
    {
        "pk": 33,
        "model": "localites.commune",
        "fields": {
            "nom": "AMBATOTSIPIHINA",
            "code": "140203",
            "slug": "ambatotsipihina",
            "district": 101
        }
    },
    {
        "pk": 88,
        "model": "localites.commune",
        "fields": {
            "nom": "AMBATOVOLA",
            "code": "510501",
            "slug": "ambatovola",
            "district": 5
        }
    },
    {
        "pk": 58,
        "model": "localites.commune",
        "fields": {
            "nom": "AMBILA",
            "code": "350306",
            "slug": "ambila",
            "district": 108
        }
    },
    {
        "pk": 74,
        "model": "localites.commune",
        "fields": {
            "nom": "AMBOAVORY",
            "code": "510202",
            "slug": "amboavory",
            "district": 2
        }
    },
    {
        "pk": 95,
        "model": "localites.commune",
        "fields": {
            "nom": "AMBODIMANGA II",
            "code": "520102",
            "slug": "ambodimanga-ii",
            "district": 18
        }
    },
    {
        "pk": 34,
        "model": "localites.commune",
        "fields": {
            "nom": "AMBODIRIANA",
            "code": "140204",
            "slug": "ambodiriana",
            "district": 101
        }
    },
    {
        "pk": 102,
        "model": "localites.commune",
        "fields": {
            "nom": "AMBODIVOANANTO",
            "code": "530704",
            "slug": "ambodivoananto",
            "district": 50
        }
    },
    {
        "pk": 89,
        "model": "localites.commune",
        "fields": {
            "nom": "AMBOHIBARY",
            "code": "510501",
            "slug": "ambohibary",
            "district": 5
        }
    },
    {
        "pk": 75,
        "model": "localites.commune",
        "fields": {
            "nom": "AMBOHIJANAHARY",
            "code": "510204",
            "slug": "ambohijanahary",
            "district": 2
        }
    },
    {
        "pk": 76,
        "model": "localites.commune",
        "fields": {
            "nom": "AMBOHIMANDROSO",
            "code": "510205",
            "slug": "ambohimandroso",
            "district": 2
        }
    },
    {
        "pk": 35,
        "model": "localites.commune",
        "fields": {
            "nom": "AMBOHIMANDROSO",
            "code": "140205",
            "slug": "ambohimandroso",
            "district": 101
        }
    },
    {
        "pk": 37,
        "model": "localites.commune",
        "fields": {
            "nom": "AMBOHIMIARIVO",
            "code": "140401",
            "slug": "ambohimiarivo",
            "district": 103
        }
    },
    {
        "pk": 5,
        "model": "localites.commune",
        "fields": {
            "nom": "AMBOHIMIRARY",
            "code": "110306",
            "slug": "ambohimirary",
            "district": 12
        }
    },
    {
        "pk": 26,
        "model": "localites.commune",
        "fields": {
            "nom": "AMBOHIPIHAONANA",
            "code": "140104",
            "slug": "ambohipihaonana",
            "district": 100
        }
    },
    {
        "pk": 77,
        "model": "localites.commune",
        "fields": {
            "nom": "AMBOHITRARIVO",
            "code": "510206",
            "slug": "ambohitrarivo",
            "district": 2
        }
    },
    {
        "pk": 11,
        "model": "localites.commune",
        "fields": {
            "nom": "AMBOHITROMBY",
            "code": "110401",
            "slug": "ambohitromby",
            "district": 13
        }
    },
    {
        "pk": 61,
        "model": "localites.commune",
        "fields": {
            "nom": "AMBOHITSILAOZANA",
            "code": "510105",
            "slug": "ambohitsilaozana",
            "district": 1
        }
    },
    {
        "pk": 106,
        "model": "localites.commune",
        "fields": {
            "nom": "AMBOVOMBE CENTRE",
            "code": "610106",
            "slug": "ambovombe-centre",
            "district": 24
        }
    },
    {
        "pk": 2,
        "model": "localites.commune",
        "fields": {
            "nom": "AMPANOTOKANA",
            "code": "110108",
            "slug": "ampanotokana",
            "district": 10
        }
    },
    {
        "pk": 78,
        "model": "localites.commune",
        "fields": {
            "nom": "AMPARAFARAVOLA",
            "code": "510207",
            "slug": "amparafaravola",
            "district": 2
        }
    },
    {
        "pk": 62,
        "model": "localites.commune",
        "fields": {
            "nom": "AMPARIHINTSORAKATRA",
            "code": "510106",
            "slug": "amparihintsorakatra",
            "district": 1
        }
    },
    {
        "pk": 23,
        "model": "localites.commune",
        "fields": {
            "nom": "AMPARY",
            "code": "130305",
            "slug": "ampary",
            "district": 78
        }
    },
    {
        "pk": 96,
        "model": "localites.commune",
        "fields": {
            "nom": "AMPASIMBE MANATSATRANA",
            "code": "520103",
            "slug": "ampasimbe-manatsatrana",
            "district": 18
        }
    },
    {
        "pk": 97,
        "model": "localites.commune",
        "fields": {
            "nom": "AMPASINA MANINGORY",
            "code": "520104",
            "slug": "ampasina-maningory",
            "district": 18
        }
    },
    {
        "pk": 90,
        "model": "localites.commune",
        "fields": {
            "nom": "AMPASIPOTSY GARE",
            "code": "510505",
            "slug": "ampasipotsy-gare",
            "district": 5
        }
    },
    {
        "pk": 63,
        "model": "localites.commune",
        "fields": {
            "nom": "AMPITATSIMO",
            "code": "510107",
            "slug": "ampitatsimo",
            "district": 1
        }
    },
    {
        "pk": 6,
        "model": "localites.commune",
        "fields": {
            "nom": "ANALAROA",
            "code": "110309",
            "slug": "analaroa",
            "district": 12
        }
    },
    {
        "pk": 91,
        "model": "localites.commune",
        "fields": {
            "nom": "ANDASIBE",
            "code": "510508",
            "slug": "andasibe",
            "district": 5
        }
    },
    {
        "pk": 85,
        "model": "localites.commune",
        "fields": {
            "nom": "ANDILAMENA",
            "code": "510301",
            "slug": "andilamena",
            "district": 3
        }
    },
    {
        "pk": 64,
        "model": "localites.commune",
        "fields": {
            "nom": "ANDILANATOBY",
            "code": "510108",
            "slug": "andilanatoby",
            "district": 1
        }
    },
    {
        "pk": 53,
        "model": "localites.commune",
        "fields": {
            "nom": "ANDRAFIABE",
            "code": "210402",
            "slug": "andrafiabe",
            "district": 66
        }
    },
    {
        "pk": 41,
        "model": "localites.commune",
        "fields": {
            "nom": "ANDRANOMANELATRA",
            "code": "140409",
            "slug": "andranomanelatra",
            "district": 103
        }
    },
    {
        "pk": 27,
        "model": "localites.commune",
        "fields": {
            "nom": "ANDRAVOLA VOHIPENO",
            "code": "140106",
            "slug": "andravola-vohipeno",
            "district": 100
        }
    },
    {
        "pk": 28,
        "model": "localites.commune",
        "fields": {
            "nom": "ANDRIAMBILANY",
            "code": "140107",
            "slug": "andriambilany",
            "district": 100
        }
    },
    {
        "pk": 8,
        "model": "localites.commune",
        "fields": {
            "nom": "ANDROVAKELY",
            "code": "110310",
            "slug": "androvakely",
            "district": 12
        }
    },
    {
        "pk": 101,
        "model": "localites.commune",
        "fields": {
            "nom": "ANJAHAMBE",
            "code": "520606",
            "slug": "anjahambe",
            "district": 23
        }
    },
    {
        "pk": 18,
        "model": "localites.commune",
        "fields": {
            "nom": "ANKADINONDRY SAKAY",
            "code": "120204",
            "slug": "ankadinondry-sakay",
            "district": 62
        }
    },
    {
        "pk": 12,
        "model": "localites.commune",
        "fields": {
            "nom": "ANKAZOBE",
            "code": "110403",
            "slug": "ankazobe",
            "district": 13
        }
    },
    {
        "pk": 107,
        "model": "localites.commune",
        "fields": {
            "nom": "ANKILIZATO",
            "code": "640205",
            "slug": "ankilizato",
            "district": 85
        }
    },
    {
        "pk": 79,
        "model": "localites.commune",
        "fields": {
            "nom": "ANORORO",
            "code": "510212",
            "slug": "anororo",
            "district": 2
        }
    },
    {
        "pk": 103,
        "model": "localites.commune",
        "fields": {
            "nom": "ANTANAMBAO MAHATSARA",
            "code": "530707",
            "slug": "antanambao-mahatsara",
            "district": 50
        }
    },
    {
        "pk": 7,
        "model": "localites.commune",
        "fields": {
            "nom": "ANTANETIBE",
            "code": "110309",
            "slug": "antanetibe",
            "district": 12
        }
    },
    {
        "pk": 9,
        "model": "localites.commune",
        "fields": {
            "nom": "ANTANETIBE ANATIVOLO",
            "code": "110312",
            "slug": "antanetibe-anativolo",
            "district": 12
        }
    },
    {
        "pk": 86,
        "model": "localites.commune",
        "fields": {
            "nom": "ANTANIMENABAKA",
            "code": "510302",
            "slug": "antanimenabaka",
            "district": 3
        }
    },
    {
        "pk": 13,
        "model": "localites.commune",
        "fields": {
            "nom": "ANTOTOHAZO",
            "code": "110405",
            "slug": "antotohazo",
            "district": 13
        }
    },
    {
        "pk": 36,
        "model": "localites.commune",
        "fields": {
            "nom": "ANTSAHALAVA",
            "code": "140210",
            "slug": "antsahalava",
            "district": 101
        }
    },
    {
        "pk": 49,
        "model": "localites.commune",
        "fields": {
            "nom": "ANTSAMPANIMAHAZO",
            "code": "140603",
            "slug": "antsampanimahazo",
            "district": 105
        }
    },
    {
        "pk": 65,
        "model": "localites.commune",
        "fields": {
            "nom": "ANTSANGASANGA",
            "code": "510111",
            "slug": "antsangasanga",
            "district": 1
        }
    },
    {
        "pk": 98,
        "model": "localites.commune",
        "fields": {
            "nom": "ANTSIATSIAKA",
            "code": "520105",
            "slug": "antsiatsiaka",
            "district": 18
        }
    },
    {
        "pk": 92,
        "model": "localites.commune",
        "fields": {
            "nom": "BEFORONA",
            "code": "510512",
            "slug": "beforona",
            "district": 5
        }
    },
    {
        "pk": 29,
        "model": "localites.commune",
        "fields": {
            "nom": "BEHENJY",
            "code": "140112",
            "slug": "behenjy",
            "district": 100
        }
    },
    {
        "pk": 66,
        "model": "localites.commune",
        "fields": {
            "nom": "BEJOFO",
            "code": "510112",
            "slug": "bejofo",
            "district": 1
        }
    },
    {
        "pk": 10,
        "model": "localites.commune",
        "fields": {
            "nom": "BELANITRA",
            "code": "110313",
            "slug": "belanitra",
            "district": 12
        }
    },
    {
        "pk": 19,
        "model": "localites.commune",
        "fields": {
            "nom": "BELOBAKA",
            "code": "120207",
            "slug": "belobaka",
            "district": 62
        }
    },
    {
        "pk": 87,
        "model": "localites.commune",
        "fields": {
            "nom": "BEMAITSO",
            "code": "510303",
            "slug": "bemaitso",
            "district": 3
        }
    },
    {
        "pk": 67,
        "model": "localites.commune",
        "fields": {
            "nom": "DIDY",
            "code": "510113",
            "slug": "didy",
            "district": 1
        }
    },
    {
        "pk": 50,
        "model": "localites.commune",
        "fields": {
            "nom": "FARATSIHO",
            "code": "140604",
            "slug": "faratsiho",
            "district": 105
        }
    },
    {
        "pk": 68,
        "model": "localites.commune",
        "fields": {
            "nom": "FERAMANGA NORD",
            "code": "510114",
            "slug": "feramanga-nord",
            "district": 1
        }
    },
    {
        "pk": 14,
        "model": "localites.commune",
        "fields": {
            "nom": "FIADANANA",
            "code": "110406",
            "slug": "fiadanana",
            "district": 13
        }
    },
    {
        "pk": 56,
        "model": "localites.commune",
        "fields": {
            "nom": "IARITSENA",
            "code": "330111",
            "slug": "iaritsena",
            "district": 68
        }
    },
    {
        "pk": 69,
        "model": "localites.commune",
        "fields": {
            "nom": "ILAFY",
            "code": "510115",
            "slug": "ilafy",
            "district": 1
        }
    },
    {
        "pk": 70,
        "model": "localites.commune",
        "fields": {
            "nom": "IMERIMANDROSO",
            "code": "510116",
            "slug": "imerimandroso",
            "district": 1
        }
    },
    {
        "pk": 93,
        "model": "localites.commune",
        "fields": {
            "nom": "LAKATO",
            "code": "510516",
            "slug": "lakato",
            "district": 5
        }
    },
    {
        "pk": 99,
        "model": "localites.commune",
        "fields": {
            "nom": "MAHANORO",
            "code": "520108",
            "slug": "mahanoro",
            "district": 18
        }
    },
    {
        "pk": 20,
        "model": "localites.commune",
        "fields": {
            "nom": "MAHASOLO",
            "code": "120211",
            "slug": "mahasolo",
            "district": 62
        }
    },
    {
        "pk": 54,
        "model": "localites.commune",
        "fields": {
            "nom": "MAHAVANONA",
            "code": "210416",
            "slug": "mahavanona",
            "district": 66
        }
    },
    {
        "pk": 15,
        "model": "localites.commune",
        "fields": {
            "nom": "MAHAVELONA",
            "code": "110409",
            "slug": "mahavelona",
            "district": 13
        }
    },
    {
        "pk": 3,
        "model": "localites.commune",
        "fields": {
            "nom": "MAHITSY",
            "code": "110121",
            "slug": "mahitsy",
            "district": 10
        }
    },
    {
        "pk": 104,
        "model": "localites.commune",
        "fields": {
            "nom": "MAINTINANDRY",
            "code": "530712",
            "slug": "maintinandry",
            "district": 50
        }
    },
    {
        "pk": 71,
        "model": "localites.commune",
        "fields": {
            "nom": "MANAKAMBAHINY EST",
            "code": "510117",
            "slug": "manakambahiny-est",
            "district": 1
        }
    },
    {
        "pk": 72,
        "model": "localites.commune",
        "fields": {
            "nom": "MANAKAMBAHINY OUEST",
            "code": "510118",
            "slug": "manakambahiny-ouest",
            "district": 1
        }
    },
    {
        "pk": 42,
        "model": "localites.commune",
        "fields": {
            "nom": "MANANDONA",
            "code": "140414",
            "slug": "manandona",
            "district": 103
        }
    },
    {
        "pk": 43,
        "model": "localites.commune",
        "fields": {
            "nom": "MANDROSOHASINA",
            "code": "140415",
            "slug": "mandrosohasina",
            "district": 103
        }
    },
    {
        "pk": 44,
        "model": "localites.commune",
        "fields": {
            "nom": "MANGARANO",
            "code": "140416",
            "slug": "mangarano",
            "district": 103
        }
    },
    {
        "pk": 30,
        "model": "localites.commune",
        "fields": {
            "nom": "MANJAKATOMPO",
            "code": "140114",
            "slug": "manjakatompo",
            "district": 100
        }
    },
    {
        "pk": 16,
        "model": "localites.commune",
        "fields": {
            "nom": "MARONDRY",
            "code": "110410",
            "slug": "marondry",
            "district": 13
        }
    },
    {
        "pk": 51,
        "model": "localites.commune",
        "fields": {
            "nom": "MIANDRARIVO",
            "code": "140605",
            "slug": "miandrarivo",
            "district": 105
        }
    },
    {
        "pk": 17,
        "model": "localites.commune",
        "fields": {
            "nom": "MIANTSO",
            "code": "110411",
            "slug": "miantso",
            "district": 13
        }
    },
    {
        "pk": 59,
        "model": "localites.commune",
        "fields": {
            "nom": "MIZILO GARE",
            "code": "350329",
            "slug": "mizilo-gare",
            "district": 108
        }
    },
    {
        "pk": 31,
        "model": "localites.commune",
        "fields": {
            "nom": "MORARANO",
            "code": "140115",
            "slug": "morarano",
            "district": 100
        }
    },
    {
        "pk": 55,
        "model": "localites.commune",
        "fields": {
            "nom": "RAMENA",
            "code": "210419",
            "slug": "ramena",
            "district": 66
        }
    },
    {
        "pk": 32,
        "model": "localites.commune",
        "fields": {
            "nom": "SABOTSY NAMATOANA",
            "code": "140116",
            "slug": "sabotsy-namatoana",
            "district": 100
        }
    },
    {
        "pk": 80,
        "model": "localites.commune",
        "fields": {
            "nom": "SAHAMAMY",
            "code": "510217",
            "slug": "sahamamy",
            "district": 2
        }
    },
    {
        "pk": 105,
        "model": "localites.commune",
        "fields": {
            "nom": "SAHAMATEVINA",
            "code": "530715",
            "slug": "sahamatevina",
            "district": 50
        }
    },
    {
        "pk": 57,
        "model": "localites.commune",
        "fields": {
            "nom": "SAHAMBAVY",
            "code": "330431",
            "slug": "sahambavy",
            "district": 112
        }
    },
    {
        "pk": 45,
        "model": "localites.commune",
        "fields": {
            "nom": "SAHANIVOTRY MANANDONA",
            "code": "140417",
            "slug": "sahanivotry-manandona",
            "district": 103
        }
    },
    {
        "pk": 24,
        "model": "localites.commune",
        "fields": {
            "nom": "SOAVINANDRIANA",
            "code": "130314",
            "slug": "soavinandriana",
            "district": 78
        }
    },
    {
        "pk": 81,
        "model": "localites.commune",
        "fields": {
            "nom": "TANAMBE",
            "code": "510218",
            "slug": "tanambe",
            "district": 2
        }
    },
    {
        "pk": 82,
        "model": "localites.commune",
        "fields": {
            "nom": "TANAMBE",
            "code": "510218",
            "slug": "tanambe",
            "district": 1
        }
    },
    {
        "pk": 46,
        "model": "localites.commune",
        "fields": {
            "nom": "TSARAHONENANA SAHANIVOTRY",
            "code": "140419",
            "slug": "tsarahonenana-sahanivotry",
            "district": 103
        }
    },
    {
        "pk": 22,
        "model": "localites.commune",
        "fields": {
            "nom": "TSIROANOMANDIDY CU",
            "code": "120218",
            "slug": "tsiroanomandidy-cu",
            "district": 62
        }
    },
    {
        "pk": 21,
        "model": "localites.commune",
        "fields": {
            "nom": "TSIROANOMANDIDY FIHAONANA",
            "code": "120217",
            "slug": "tsiroanomandidy-fihaonana",
            "district": 62
        }
    },
    {
        "pk": 47,
        "model": "localites.commune",
        "fields": {
            "nom": "VINANINKARENA",
            "code": "140420",
            "slug": "vinaninkarena",
            "district": 103
        }
    },
    {
        "pk": 100,
        "model": "localites.commune",
        "fields": {
            "nom": "VOHILENGO",
            "code": "520111",
            "slug": "vohilengo",
            "district": 18
        }
    },
    {
        "pk": 83,
        "model": "localites.commune",
        "fields": {
            "nom": "VOHIMENAKELY",
            "code": "510219",
            "slug": "vohimenakely",
            "district": 2
        }
    },
    {
        "pk": 84,
        "model": "localites.commune",
        "fields": {
            "nom": "VOHITSARA",
            "code": "510220",
            "slug": "vohitsara",
            "district": 2
        }
    }
]